Metric,Mean,Std Dev,Min,Max
Accuracy,0.7771577417850495,0.009784847691765193,0.7604166666666666,0.7946428656578064
F1 Score,0.7586827178796132,0.010797300890590639,0.7415076096852621,0.7772618532180786
Loss,0.5120444079240164,0.01338198559532761,0.491979440053304,0.5281765560309092
